um,execution_order,dm1,dm1_start_time,dm2,dm2_start_time
MS_60503,sequential,MS_30541,17621,MS_3533,17593
MS_60503,sequential,MS_30541,144782,MS_3533,144761
MS_60503,sequential,MS_30541,23531,MS_3533,23630
MS_60503,sequential,MS_30541,23531,MS_3533,23640
MS_60503,sequential,MS_30541,23531,MS_3533,23502
MS_60503,sequential,MS_30541,23531,MS_3533,23647
MS_60503,sequential,MS_30541,23531,MS_3533,23594
MS_60503,sequential,MS_30541,23531,MS_3533,23564
MS_60503,sequential,MS_30541,23531,MS_3533,23653
MS_60503,sequential,MS_30541,23531,MS_3533,23574
MS_60503,sequential,MS_30541,23531,MS_3533,23600
MS_60503,sequential,MS_30541,23531,MS_3533,23569
MS_60503,sequential,MS_30541,23531,MS_3533,23588
MS_60503,sequential,MS_30541,23531,MS_3533,23659
MS_60503,sequential,MS_30541,23531,MS_3533,23634
MS_60503,sequential,MS_30541,23531,MS_3533,23665
MS_60503,sequential,MS_30541,23531,MS_3533,23582
MS_60503,sequential,MS_30541,71288,MS_3533,71262
MS_60503,sequential,MS_30541,71283,MS_3533,71262
MS_60503,sequential,MS_30541,71258,MS_3533,71262
MS_60503,sequential,MS_30541,71281,MS_3533,71262
MS_60503,sequential,MS_30541,138107,MS_3533,138038
MS_60503,sequential,MS_30541,138104,MS_3533,138038
MS_60503,sequential,MS_30541,138089,MS_3533,138038
MS_60503,sequential,MS_30541,138114,MS_3533,138038
MS_60503,sequential,MS_30541,138084,MS_3533,138038
MS_60503,sequential,MS_30541,138100,MS_3533,138038
MS_60503,sequential,MS_30541,138095,MS_3533,138038
MS_60503,sequential,MS_30541,138111,MS_3533,138038
MS_60503,sequential,MS_30541,138102,MS_3533,138038
MS_60503,sequential,MS_30541,138109,MS_3533,138038
MS_60503,sequential,MS_30541,138032,MS_3533,138038
MS_60503,sequential,MS_30541,44786,MS_3533,44773
MS_60503,sequential,MS_30541,44771,MS_3533,44773
MS_60503,sequential,MS_30541,96615,MS_3533,96610
MS_60503,sequential,MS_30541,1398,MS_3533,1392
MS_60503,sequential,MS_30541,126748,MS_3533,126671
MS_60503,sequential,MS_30541,126878,MS_3533,126885
MS_60503,sequential,MS_30541,126882,MS_3533,126885
MS_60503,sequential,MS_30541,126765,MS_3533,126770
MS_60503,sequential,MS_30541,126765,MS_3533,126770
MS_60503,sequential,MS_30541,126767,MS_3533,126770
MS_60503,sequential,MS_30541,126767,MS_3533,126770
MS_60503,sequential,MS_30541,126775,MS_3533,126770
MS_60503,sequential,MS_30541,126776,MS_3533,126769
MS_60503,sequential,MS_30541,126776,MS_3533,126769
MS_60503,sequential,MS_30541,126776,MS_3533,126769
MS_60503,concurrent,MS_30541,126776,MS_3533,126772
MS_60503,concurrent,MS_30541,126776,MS_3533,126772
MS_60503,sequential,MS_30541,126776,MS_3533,126773
MS_60503,sequential,MS_30541,126776,MS_3533,126773
MS_60503,concurrent,MS_30541,126776,MS_3533,126772
MS_60503,sequential,MS_30541,126776,MS_3533,126779
MS_60503,concurrent,MS_30541,126776,MS_3533,126771
MS_60503,sequential,MS_30541,126773,MS_3533,126769
MS_60503,sequential,MS_30541,126773,MS_3533,126775
MS_60503,sequential,MS_30541,126769,MS_3533,126772
MS_60503,sequential,MS_30541,126767,MS_3533,126772
MS_60503,sequential,MS_30541,126909,MS_3533,126912
MS_60503,sequential,MS_30541,126907,MS_3533,126912
MS_60503,sequential,MS_30541,126878,MS_3533,126885
MS_60503,sequential,MS_30541,126878,MS_3533,126888
MS_60503,sequential,MS_30541,126964,MS_3533,126989
MS_60503,sequential,MS_30541,132101,MS_3533,132095
MS_60503,sequential,MS_30541,45064,MS_3533,45009
MS_60503,sequential,MS_30541,45059,MS_3533,45009
MS_60503,sequential,MS_30541,45006,MS_3533,45009
MS_60503,sequential,MS_30541,84707,MS_3533,84686
MS_60503,sequential,MS_30541,84682,MS_3533,84686
MS_60503,sequential,MS_30541,84712,MS_3533,84686
MS_60503,sequential,MS_30541,84702,MS_3533,84686
MS_60503,sequential,MS_30541,84695,MS_3533,84686
MS_60503,sequential,MS_30541,105586,MS_3533,105588
MS_60503,sequential,MS_30541,105594,MS_3533,105588
MS_60503,sequential,MS_30541,157359,MS_3533,157366
MS_60503,sequential,MS_30541,157405,MS_3533,157366
MS_60503,sequential,MS_30541,157423,MS_3533,157366
MS_60503,sequential,MS_30541,157411,MS_3533,157366
MS_60503,sequential,MS_30541,157420,MS_3533,157366
MS_60503,sequential,MS_30541,157408,MS_3533,157366
MS_60503,sequential,MS_30541,157416,MS_3533,157366
MS_60503,sequential,MS_30541,157430,MS_3533,157366
MS_60503,sequential,MS_30541,157403,MS_3533,157366
MS_60503,sequential,MS_30541,157414,MS_3533,157366
MS_60503,sequential,MS_30541,157427,MS_3533,157366
MS_60503,sequential,MS_30541,76375,MS_3533,76323
MS_60503,sequential,MS_30541,76317,MS_3533,76323
MS_60503,sequential,MS_30541,76357,MS_3533,76323
MS_60503,sequential,MS_30541,76370,MS_3533,76323
MS_60503,sequential,MS_30541,76366,MS_3533,76323
MS_60503,sequential,MS_30541,76352,MS_3533,76323
MS_60503,sequential,MS_30541,76347,MS_3533,76323
MS_60503,sequential,MS_30541,76335,MS_3533,76323
MS_60503,sequential,MS_30541,76343,MS_3533,76323
MS_60503,sequential,MS_30541,76362,MS_3533,76323
MS_60503,sequential,MS_30541,76338,MS_3533,76323
MS_60503,sequential,MS_30541,66503,MS_3533,66505
MS_60503,sequential,MS_30541,66543,MS_3533,66505
MS_60503,sequential,MS_30541,25018,MS_3533,25011
MS_60503,sequential,MS_30541,128491,MS_3533,128478
MS_60503,sequential,MS_30541,97759,MS_3533,97753
MS_60503,sequential,MS_30541,120188,MS_3533,120179
MS_60503,sequential,MS_30541,120188,MS_3533,120183
MS_60503,sequential,MS_30541,120275,MS_3533,120179
MS_60503,sequential,MS_30541,120275,MS_3533,120183
MS_60503,sequential,MS_30541,46266,MS_3533,46259
MS_60503,sequential,MS_30541,43227,MS_3533,43208
MS_60503,sequential,MS_30541,43240,MS_3533,43208
MS_60503,sequential,MS_30541,43200,MS_3533,43208
MS_60503,sequential,MS_30541,43244,MS_3533,43208
MS_60503,sequential,MS_30541,43233,MS_3533,43208
MS_60503,sequential,MS_30541,43238,MS_3533,43208
MS_60503,sequential,MS_30541,43258,MS_3533,43208
MS_60503,sequential,MS_30541,43243,MS_3533,43208
MS_60503,sequential,MS_30541,43253,MS_3533,43208
MS_60503,sequential,MS_30541,43248,MS_3533,43208
MS_60503,sequential,MS_30541,7493,MS_3533,7485
MS_60503,sequential,MS_30541,140176,MS_3533,140153
MS_60503,sequential,MS_30541,140181,MS_3533,140153
MS_60503,sequential,MS_30541,140150,MS_3533,140153
MS_60503,sequential,MS_30541,83752,MS_3533,83723
MS_60503,sequential,MS_30541,83744,MS_3533,83723
MS_60503,sequential,MS_30541,83747,MS_3533,83723
MS_60503,sequential,MS_30541,83720,MS_3533,83723
MS_60503,sequential,MS_30541,83749,MS_3533,83723
MS_60503,sequential,MS_30541,62034,MS_3533,62038
MS_60503,sequential,MS_30541,62046,MS_3533,62038
MS_60503,sequential,MS_30541,148302,MS_3533,148229
MS_60503,sequential,MS_30541,148268,MS_3533,148229
MS_60503,sequential,MS_30541,148274,MS_3533,148229
MS_60503,sequential,MS_30541,148285,MS_3533,148229
MS_60503,sequential,MS_30541,148279,MS_3533,148229
MS_60503,sequential,MS_30541,148282,MS_3533,148229
MS_60503,sequential,MS_30541,148224,MS_3533,148229
MS_60503,sequential,MS_30541,148290,MS_3533,148229
MS_60503,sequential,MS_30541,148305,MS_3533,148229
MS_60503,sequential,MS_30541,148308,MS_3533,148229
MS_60503,sequential,MS_30541,148295,MS_3533,148229
MS_60503,sequential,MS_30541,51871,MS_3533,51863
MS_60503,sequential,MS_30541,153141,MS_3533,153133
MS_60503,sequential,MS_30541,45028,MS_3533,44945
MS_60503,sequential,MS_30541,45038,MS_3533,44945
MS_60503,sequential,MS_30541,45006,MS_3533,44945
MS_60503,sequential,MS_30541,45042,MS_3533,44945
MS_60503,sequential,MS_30541,45017,MS_3533,44945
MS_60503,sequential,MS_30541,44941,MS_3533,44945
MS_60503,sequential,MS_30541,45011,MS_3533,44945
MS_60503,sequential,MS_30541,45032,MS_3533,44945
MS_60503,sequential,MS_30541,51702,MS_3533,51695
MS_60503,sequential,MS_30541,51690,MS_3533,51695
MS_60503,sequential,MS_30541,132980,MS_3533,132974
MS_60503,sequential,MS_30541,106613,MS_3533,106606
MS_60503,sequential,MS_30541,120549,MS_3533,120429
MS_60503,sequential,MS_30541,105199,MS_3533,105101
MS_60503,sequential,MS_30541,105105,MS_3533,105101
