traceid,rpcid,um,uminstanceid,dm1,dminstanceid1,dm1_start_time,dm2,dminstanceid2,dm2_start_time,execution_order
T_8131046867,0.1.2,MS_71956,MS_71956_POD_11,MS_34796,MS_34796_POD_61,131055,MS_56926,MS_56926_POD_3,131055,concurrent
T_8131046867,0.1.2,MS_71956,MS_71956_POD_11,MS_34796,MS_34796_POD_61,131055,MS_56926,MS_56926_POD_1,131055,concurrent
T_3157914458,0.1.2,MS_71956,MS_71956_POD_15,MS_34796,MS_34796_POD_80,173374,MS_56926,MS_56926_POD_0,173375,concurrent
T_3157914458,0.1.2,MS_71956,MS_71956_POD_15,MS_34796,MS_34796_POD_80,173374,MS_56926,MS_56926_POD_0,173376,concurrent
T_13719768175,0.1.2,MS_71956,MS_71956_POD_20,MS_34796,MS_34796_POD_60,165688,MS_56926,MS_56926_POD_0,165689,concurrent
T_13719768175,0.1.2,MS_71956,MS_71956_POD_20,MS_34796,MS_34796_POD_60,165688,MS_56926,MS_56926_POD_3,165689,concurrent
T_4543398063,0.1.2,MS_71956,MS_71956_POD_15,MS_34796,MS_34796_POD_53,74963,MS_56926,MS_56926_POD_3,74964,concurrent
T_4543398063,0.1.2,MS_71956,MS_71956_POD_15,MS_34796,MS_34796_POD_53,74963,MS_56926,MS_56926_POD_0,74963,concurrent
T_15332359027,0.1.2,MS_71956,MS_71956_POD_5,MS_34796,MS_34796_POD_75,21303,MS_56926,MS_56926_POD_1,21303,concurrent
T_15332359027,0.1.2,MS_71956,MS_71956_POD_5,MS_34796,MS_34796_POD_75,21303,MS_56926,MS_56926_POD_2,21304,sequential
T_13309632112,0.1.2,MS_71956,MS_71956_POD_5,MS_34796,MS_34796_POD_57,5090,MS_56926,MS_56926_POD_2,5091,concurrent
T_13309632112,0.1.2,MS_71956,MS_71956_POD_5,MS_34796,MS_34796_POD_57,5090,MS_56926,MS_56926_POD_0,5091,concurrent
T_11880042557,0.1.2,MS_71956,MS_71956_POD_19,MS_34796,MS_34796_POD_42,174366,MS_56926,MS_56926_POD_0,174368,sequential
T_11880042557,0.1.2,MS_71956,MS_71956_POD_19,MS_34796,MS_34796_POD_42,174366,MS_56926,MS_56926_POD_1,174368,sequential
T_23417515345,0.1.2,MS_71956,MS_71956_POD_10,MS_34796,MS_34796_POD_69,102827,MS_56926,MS_56926_POD_1,102829,sequential
T_23417515345,0.1.2,MS_71956,MS_71956_POD_10,MS_34796,MS_34796_POD_69,102827,MS_56926,MS_56926_POD_1,102829,sequential
T_11380390616,0.1.2,MS_71956,MS_71956_POD_20,MS_34796,MS_34796_POD_62,54199,MS_56926,MS_56926_POD_2,54200,concurrent
T_11380390616,0.1.2,MS_71956,MS_71956_POD_20,MS_34796,MS_34796_POD_62,54199,MS_56926,MS_56926_POD_0,54201,concurrent
T_24257926957,0.1.2,MS_71956,MS_71956_POD_10,MS_34796,MS_34796_POD_78,121705,MS_56926,MS_56926_POD_3,121706,sequential
T_24257926957,0.1.2,MS_71956,MS_71956_POD_10,MS_34796,MS_34796_POD_78,121705,MS_56926,MS_56926_POD_3,121705,concurrent
